"(주)한화",10000
"(주)한화.Hanwha Agritech Ltd",10000
"(주)한화.Hanwha Agritech Ltd.Amru and Hanwha International",9000
"(주)한화.한화케미칼(주)",3626
"(주)한화.한화케미칼(주).(주)한화도시개발",10000
"(주)한화.한화케미칼(주).(주)한화도시개발.(주)아산테크노밸리",6500
"(주)한화.한화케미칼(주).(주)한화도시개발.(주)경기화성바이오밸리",5100
"(주)한화.한화케미칼(주).(주)한화도시개발.한화역사(주)",4001
"(주)한화.한화케미칼(주).(주)한화도시개발.(주)김해테크노밸리",8000
"(주)한화.한화케미칼(주).(주)한화도시개발.엔에이치엘개발(주)",10000
"(주)한화.한화케미칼(주).(주)한화도시개발.(주)서산테크노밸리",6500
"(주)한화.한화케미칼(주).(주)한화도시개발.(주)경기용인테크노밸리",7500
"(주)한화.한화케미칼(주).한화케미칼오버시즈홀딩스(주)",10000
"(주)한화.한화케미칼(주).HANWHA CHEMICAL INDIA PRIVATE ",10000
"(주)한화.한화케미칼(주).Hanwha Chemical Malaysia Sdn ",10000
"(주)한화.한화케미칼(주).Hanwha Chemical (Ningbo) Co, ",10000
"(주)한화.한화케미칼(주).한화화학(상해)유한공사",10000
"(주)한화.한화케미칼(주).Hanwha Chemical (Thailand) Co",10000
"(주)한화.한화케미칼(주).(주)한화이글스",4000
"(주)한화.한화케미칼(주).한화첨단소재(주)",10000
"(주)한화.한화케미칼(주).한화첨단소재(주).Hanwha America Development Inc",10000
"(주)한화.한화케미칼(주).한화첨단소재(주).Hanwha America Development Inc.Hanwha Saudi Contracting Co, ",475
"(주)한화.한화케미칼(주).한화첨단소재(주).Hanwha America Development Inc.Hanwha Holdings(USA), Inc",2902
"(주)한화.한화케미칼(주).한화첨단소재(주).Hanwha America Development Inc.Hanwha Holdings(USA), Inc.Hanwha America Development LLC",10000
"(주)한화.한화케미칼(주).한화첨단소재(주).Hanwha America Development Inc.Hanwha Holdings(USA), Inc.Hanwha America Development LLC.Hanwha Chandler LLC",10000
"(주)한화.한화케미칼(주).한화첨단소재(주).Hanwha America Development Inc.Hanwha Holdings(USA), Inc.Hanwha America Development LLC.Hanwha Chandler LLC.Chandler LLC",9000
"(주)한화.한화케미칼(주).한화첨단소재(주).Hanwha America Development Inc.Hanwha Holdings(USA), Inc.Hanwha America Development LLC.Hanwha Development Services LL",10000
"(주)한화.한화케미칼(주).한화첨단소재(주).Hanwha America Development Inc.Hanwha Holdings(USA), Inc.Hanwha America Development LLC.Hanwha Hawaii LLC",10000
"(주)한화.한화케미칼(주).한화첨단소재(주).Hanwha America Development Inc.Hanwha Holdings(USA), Inc.Hanwha America Development LLC.Hanwha Hawaii LLC.Hale Ka Lae, LLC",10000
"(주)한화.한화케미칼(주).한화첨단소재(주).Hanwha America Development Inc.Hanwha Holdings(USA), Inc.Hanwha America Development LLC.Hanwha Riverside LLC",10000
"(주)한화.한화케미칼(주).한화첨단소재(주).Hanwha America Development Inc.Hanwha Holdings(USA), Inc.Hanwha International LLC",10000
"(주)한화.한화케미칼(주).한화첨단소재(주).Hanwha America Development Inc.Hanwha Holdings(USA), Inc.Hanwha International LLC.Hanwha Parcel O LLC",10000
"(주)한화.한화케미칼(주).한화첨단소재(주).Hanwha America Development Inc.Hanwha Holdings(USA), Inc.Hanwha International LLC.Hanwha Village Market, LLC",10000
"(주)한화.한화케미칼(주).한화첨단소재(주).Hanwha America Development Inc.Hanwha Holdings(USA), Inc.Hanwha Advanced Materials Mexi",4900
"(주)한화.한화케미칼(주).한화첨단소재(주).Hanwha America Development Inc.Hanwha Holdings(USA), Inc.Hanwha Advanced Materials Hold",10000
"(주)한화.한화케미칼(주).한화첨단소재(주).Hanwha America Development Inc.Hanwha Holdings(USA), Inc.Hanwha Advanced Materials Hold.Hanwha AZDEL, Inc",10000
"(주)한화.한화케미칼(주).한화첨단소재(주).Hanwha America Development Inc.Hanwha Holdings(USA), Inc.Hanwha Advanced Materials Hold.Hanwha Advanced Materials Amer",10000
"(주)한화.한화케미칼(주).한화첨단소재(주).Hanwha America Development Inc.Hanwha Holdings(USA), Inc.Hanwha Machinery Americas, Inc",10000
"(주)한화.한화케미칼(주).한화첨단소재(주).Hanwha America Development Inc.Hanwha Holdings(USA), Inc.Hanwha Property USA LLC",10000
"(주)한화.한화케미칼(주).한화첨단소재(주).Hanwha America Development Inc.Hanwha Holdings(USA), Inc.Hanwha Property USA LLC.Hanwha West Properties LLC",10000
"(주)한화.한화케미칼(주).한화첨단소재(주).Hanwha America Development Inc.Hanwha Holdings(USA), Inc.Hanwha PVPLUS LLC",10000
"(주)한화.한화케미칼(주).한화첨단소재(주).Hanwha America Development Inc.Hanwha Holdings(USA), Inc.HSSC Stainless Inc",1000
"(주)한화.한화케미칼(주).한화첨단소재(주).Hanwha America Development Inc.Hanwha Holdings(USA), Inc.HANWHA TECHM USA LLC",10000
"(주)한화.한화케미칼(주).한화첨단소재(주).Hanwha America Development Inc.Hanwha Holdings(USA), Inc.Universal Bearings LLC",10000
"(주)한화.한화케미칼(주).한화첨단소재(주).Hanwha Advanced Materials Beij",10000
"(주)한화.한화케미칼(주).한화첨단소재(주).Hanwha Advanced Materials Beij.Hanwha Advanced Materials Chon",10000
"(주)한화.한화케미칼(주).한화첨단소재(주).Hanwha Advanced Materials Mexi",5100
"(주)한화.한화케미칼(주).한화첨단소재(주).Hanwha Advanced Materials Euro",10000
"(주)한화.한화케미칼(주).한화첨단소재(주).Hanwha Advanced Materials Euro.Hanwha Advanced Materials Germ",10000
"(주)한화.한화케미칼(주).한화첨단소재(주).Hanwha Advanced Materials Hold",10000
"(주)한화.한화케미칼(주).한화첨단소재(주).Hanwha Advanced Materials Hold.Hanwha Holdings(USA), Inc",1901
"(주)한화.한화케미칼(주).한화첨단소재(주).Hanwha Advanced Materials Hold.Hanwha Holdings(USA), Inc.Hanwha America Development LLC",10000
"(주)한화.한화케미칼(주).한화첨단소재(주).Hanwha Advanced Materials Hold.Hanwha Holdings(USA), Inc.Hanwha America Development LLC.Hanwha Chandler LLC",10000
"(주)한화.한화케미칼(주).한화첨단소재(주).Hanwha Advanced Materials Hold.Hanwha Holdings(USA), Inc.Hanwha America Development LLC.Hanwha Chandler LLC.Chandler LLC",9000
"(주)한화.한화케미칼(주).한화첨단소재(주).Hanwha Advanced Materials Hold.Hanwha Holdings(USA), Inc.Hanwha America Development LLC.Hanwha Development Services LL",10000
"(주)한화.한화케미칼(주).한화첨단소재(주).Hanwha Advanced Materials Hold.Hanwha Holdings(USA), Inc.Hanwha America Development LLC.Hanwha Hawaii LLC",10000
"(주)한화.한화케미칼(주).한화첨단소재(주).Hanwha Advanced Materials Hold.Hanwha Holdings(USA), Inc.Hanwha America Development LLC.Hanwha Hawaii LLC.Hale Ka Lae, LLC",10000
"(주)한화.한화케미칼(주).한화첨단소재(주).Hanwha Advanced Materials Hold.Hanwha Holdings(USA), Inc.Hanwha America Development LLC.Hanwha Riverside LLC",10000
"(주)한화.한화케미칼(주).한화첨단소재(주).Hanwha Advanced Materials Hold.Hanwha Holdings(USA), Inc.Hanwha International LLC",10000
"(주)한화.한화케미칼(주).한화첨단소재(주).Hanwha Advanced Materials Hold.Hanwha Holdings(USA), Inc.Hanwha International LLC.Hanwha Parcel O LLC",10000
"(주)한화.한화케미칼(주).한화첨단소재(주).Hanwha Advanced Materials Hold.Hanwha Holdings(USA), Inc.Hanwha International LLC.Hanwha Village Market, LLC",10000
"(주)한화.한화케미칼(주).한화첨단소재(주).Hanwha Advanced Materials Hold.Hanwha Holdings(USA), Inc.Hanwha Advanced Materials Mexi",4900
"(주)한화.한화케미칼(주).한화첨단소재(주).Hanwha Advanced Materials Hold.Hanwha Holdings(USA), Inc.Hanwha Advanced Materials Hold",10000
"(주)한화.한화케미칼(주).한화첨단소재(주).Hanwha Advanced Materials Hold.Hanwha Holdings(USA), Inc.Hanwha Advanced Materials Hold.Hanwha AZDEL, Inc",10000
"(주)한화.한화케미칼(주).한화첨단소재(주).Hanwha Advanced Materials Hold.Hanwha Holdings(USA), Inc.Hanwha Advanced Materials Hold.Hanwha Advanced Materials Amer",10000
"(주)한화.한화케미칼(주).한화첨단소재(주).Hanwha Advanced Materials Hold.Hanwha Holdings(USA), Inc.Hanwha Machinery Americas, Inc",10000
"(주)한화.한화케미칼(주).한화첨단소재(주).Hanwha Advanced Materials Hold.Hanwha Holdings(USA), Inc.Hanwha Property USA LLC",10000
"(주)한화.한화케미칼(주).한화첨단소재(주).Hanwha Advanced Materials Hold.Hanwha Holdings(USA), Inc.Hanwha Property USA LLC.Hanwha West Properties LLC",10000
"(주)한화.한화케미칼(주).한화첨단소재(주).Hanwha Advanced Materials Hold.Hanwha Holdings(USA), Inc.Hanwha PVPLUS LLC",10000
"(주)한화.한화케미칼(주).한화첨단소재(주).Hanwha Advanced Materials Hold.Hanwha Holdings(USA), Inc.HSSC Stainless Inc",1000
"(주)한화.한화케미칼(주).한화첨단소재(주).Hanwha Advanced Materials Hold.Hanwha Holdings(USA), Inc.HANWHA TECHM USA LLC",10000
"(주)한화.한화케미칼(주).한화첨단소재(주).Hanwha Advanced Materials Hold.Hanwha Holdings(USA), Inc.Universal Bearings LLC",10000
"(주)한화.한화케미칼(주).한화첨단소재(주).Hanwha Advanced Materials Shan",10000
"(주)한화.한화케미칼(주).한화첨단소재(주).Hanwha Holdings(USA), Inc",928
"(주)한화.한화케미칼(주).한화첨단소재(주).Hanwha Holdings(USA), Inc.Hanwha America Development LLC",10000
"(주)한화.한화케미칼(주).한화첨단소재(주).Hanwha Holdings(USA), Inc.Hanwha America Development LLC.Hanwha Chandler LLC",10000
"(주)한화.한화케미칼(주).한화첨단소재(주).Hanwha Holdings(USA), Inc.Hanwha America Development LLC.Hanwha Chandler LLC.Chandler LLC",9000
"(주)한화.한화케미칼(주).한화첨단소재(주).Hanwha Holdings(USA), Inc.Hanwha America Development LLC.Hanwha Development Services LL",10000
"(주)한화.한화케미칼(주).한화첨단소재(주).Hanwha Holdings(USA), Inc.Hanwha America Development LLC.Hanwha Hawaii LLC",10000
"(주)한화.한화케미칼(주).한화첨단소재(주).Hanwha Holdings(USA), Inc.Hanwha America Development LLC.Hanwha Hawaii LLC.Hale Ka Lae, LLC",10000
"(주)한화.한화케미칼(주).한화첨단소재(주).Hanwha Holdings(USA), Inc.Hanwha America Development LLC.Hanwha Riverside LLC",10000
"(주)한화.한화케미칼(주).한화첨단소재(주).Hanwha Holdings(USA), Inc.Hanwha International LLC",10000
"(주)한화.한화케미칼(주).한화첨단소재(주).Hanwha Holdings(USA), Inc.Hanwha International LLC.Hanwha Parcel O LLC",10000
"(주)한화.한화케미칼(주).한화첨단소재(주).Hanwha Holdings(USA), Inc.Hanwha International LLC.Hanwha Village Market, LLC",10000
"(주)한화.한화케미칼(주).한화첨단소재(주).Hanwha Holdings(USA), Inc.Hanwha Advanced Materials Mexi",4900
"(주)한화.한화케미칼(주).한화첨단소재(주).Hanwha Holdings(USA), Inc.Hanwha Advanced Materials Hold",10000
"(주)한화.한화케미칼(주).한화첨단소재(주).Hanwha Holdings(USA), Inc.Hanwha Advanced Materials Hold.Hanwha AZDEL, Inc",10000
"(주)한화.한화케미칼(주).한화첨단소재(주).Hanwha Holdings(USA), Inc.Hanwha Advanced Materials Hold.Hanwha Advanced Materials Amer",10000
"(주)한화.한화케미칼(주).한화첨단소재(주).Hanwha Holdings(USA), Inc.Hanwha Machinery Americas, Inc",10000
"(주)한화.한화케미칼(주).한화첨단소재(주).Hanwha Holdings(USA), Inc.Hanwha Property USA LLC",10000
"(주)한화.한화케미칼(주).한화첨단소재(주).Hanwha Holdings(USA), Inc.Hanwha Property USA LLC.Hanwha West Properties LLC",10000
"(주)한화.한화케미칼(주).한화첨단소재(주).Hanwha Holdings(USA), Inc.Hanwha PVPLUS LLC",10000
"(주)한화.한화케미칼(주).한화첨단소재(주).Hanwha Holdings(USA), Inc.HSSC Stainless Inc",1000
"(주)한화.한화케미칼(주).한화첨단소재(주).Hanwha Holdings(USA), Inc.HANWHA TECHM USA LLC",10000
"(주)한화.한화케미칼(주).한화첨단소재(주).Hanwha Holdings(USA), Inc.Universal Bearings LLC",10000
"(주)한화.한화케미칼(주).한화첨단소재(주).한화역사(주)",830
"(주)한화.한화케미칼(주).한화첨단소재(주).한화투자증권(주)",1532
"(주)한화.한화케미칼(주).한화첨단소재(주).한화투자증권(주).한화인베스트먼트(주)",9391
"(주)한화.한화케미칼(주).한화첨단소재(주).한화투자증권(주).한화인베스트먼트(주).한화신성장동력펀드",2000
"(주)한화.한화케미칼(주).한화첨단소재(주).한화투자증권(주).한화인베스트먼트(주).한화글로벌사업화펀드",100
"(주)한화.한화케미칼(주).한화첨단소재(주).한화투자증권(주).한화인베스트먼트(주).강소신재생에너지혁신펀드",100
"(주)한화.한화케미칼(주).한화첨단소재(주).한화투자증권(주).한화인베스트먼트(주).충남-한화중소기업육성펀드",333
"(주)한화.한화케미칼(주).한화첨단소재(주).한화투자증권(주).한화신성장동력펀드",750
"(주)한화.한화케미칼(주).한화첨단소재(주).한화투자증권(주).한화글로벌사업화펀드",3900
"(주)한화.한화케미칼(주).한화첨단소재(주).한화투자증권(주).충남-한화중소기업육성펀드",1333
"(주)한화.한화케미칼(주).한화첨단소재(주).한화투자증권(주).LLP Zharyk Zol Company 2007",10000
"(주)한화.한화케미칼(주).한화첨단소재(주).(주)한화저축은행",3605
"(주)한화.한화케미칼(주).한화첨단소재(주).한화신성장동력펀드",750
"(주)한화.한화케미칼(주).한화컴파운드(주)",10000
"(주)한화.한화케미칼(주).Hanwha Solar Holdings Co,Ltd",10000
"(주)한화.한화케미칼(주).Hanwha Solar Holdings Co,Ltd.Hanwha Q CELLS Co, Ltd",9394
"(주)한화.한화케미칼(주).Hanwha Solar Holdings Co,Ltd.Hanwha Q CELLS Co, Ltd.Hanwha Q CELLS Investment Co,",10000
"(주)한화.한화케미칼(주).Hanwha Solar Holdings Co,Ltd.Hanwha Q CELLS Co, Ltd.Hanwha Q CELLS Investment Co,.Hanwha Q CELLS Australia Pty L",10000
"(주)한화.한화케미칼(주).Hanwha Solar Holdings Co,Ltd.Hanwha Q CELLS Co, Ltd.Hanwha Q CELLS Investment Co,.Hanwha Q CELLS Gmbh",10000
"(주)한화.한화케미칼(주).Hanwha Solar Holdings Co,Ltd.Hanwha Q CELLS Co, Ltd.Hanwha Q CELLS Investment Co,.Hanwha Q CELLS Gmbh.BOURTON RENEWABLES LIMITED",10000
"(주)한화.한화케미칼(주).Hanwha Solar Holdings Co,Ltd.Hanwha Q CELLS Co, Ltd.Hanwha Q CELLS Investment Co,.Hanwha Q CELLS Gmbh.Lodz Solar Sp z oo",10000
"(주)한화.한화케미칼(주).Hanwha Solar Holdings Co,Ltd.Hanwha Q CELLS Co, Ltd.Hanwha Q CELLS Investment Co,.Hanwha Q CELLS Gmbh.Mazovia Solar 1 Sp Z oo",10000
"(주)한화.한화케미칼(주).Hanwha Solar Holdings Co,Ltd.Hanwha Q CELLS Co, Ltd.Hanwha Q CELLS Investment Co,.Hanwha Q CELLS Gmbh.Mazovia Solar 2 Sp Z oo",10000
"(주)한화.한화케미칼(주).Hanwha Solar Holdings Co,Ltd.Hanwha Q CELLS Co, Ltd.Hanwha Q CELLS Investment Co,.Hanwha Q CELLS Gmbh.HIGH ERCALL RENEWABLES LIMITED",10000
"(주)한화.한화케미칼(주).Hanwha Solar Holdings Co,Ltd.Hanwha Q CELLS Co, Ltd.Hanwha Q CELLS Investment Co,.Hanwha Q CELLS Gmbh.Hanwha Q CELLS Chile SpA",10000
"(주)한화.한화케미칼(주).Hanwha Solar Holdings Co,Ltd.Hanwha Q CELLS Co, Ltd.Hanwha Q CELLS Investment Co,.Hanwha Q CELLS Gmbh.Hanwha Q CELLS Chile SpA.Hanwha Q CELLS Til Til Uno SPA",10000
"(주)한화.한화케미칼(주).Hanwha Solar Holdings Co,Ltd.Hanwha Q CELLS Co, Ltd.Hanwha Q CELLS Investment Co,.Hanwha Q CELLS Gmbh.Hanwha Q CELLS Chile SpA.Fotovoltaica Del Desierto SPA",10000
"(주)한화.한화케미칼(주).Hanwha Solar Holdings Co,Ltd.Hanwha Q CELLS Co, Ltd.Hanwha Q CELLS Investment Co,.Hanwha Q CELLS Gmbh.Hanwha Q CELLS Chile SpA.Fotovoltaica De Los Andes SpA",10000
"(주)한화.한화케미칼(주).Hanwha Solar Holdings Co,Ltd.Hanwha Q CELLS Co, Ltd.Hanwha Q CELLS Investment Co,.Hanwha Q CELLS Gmbh.Hanwha Q CELLS Chile SpA.Fotovoltaica Sol del Norte SpA",10000
"(주)한화.한화케미칼(주).Hanwha Solar Holdings Co,Ltd.Hanwha Q CELLS Co, Ltd.Hanwha Q CELLS Investment Co,.Hanwha Q CELLS Gmbh.Hanwha Q CELLS Chile SpA.Hanwha Q CELLS Til Til Dos SpA",10000
"(주)한화.한화케미칼(주).Hanwha Solar Holdings Co,Ltd.Hanwha Q CELLS Co, Ltd.Hanwha Q CELLS Investment Co,.Hanwha Q CELLS Gmbh.Hanwha Q CELLS Chile SpA.Hanwha Q CELLS Peru SAC",10000
"(주)한화.한화케미칼(주).Hanwha Solar Holdings Co,Ltd.Hanwha Q CELLS Co, Ltd.Hanwha Q CELLS Investment Co,.Hanwha Q CELLS Gmbh.Hanwha Q CELLS Chile SpA.PV Vallenar Uno SpA",10000
"(주)한화.한화케미칼(주).Hanwha Solar Holdings Co,Ltd.Hanwha Q CELLS Co, Ltd.Hanwha Q CELLS Investment Co,.Hanwha Q CELLS Gmbh.Hanwha Q CELLS Chile SpA.PV Vallenar Uno SpA.Avenir el Divisadero SpA",10000
"(주)한화.한화케미칼(주).Hanwha Solar Holdings Co,Ltd.Hanwha Q CELLS Co, Ltd.Hanwha Q CELLS Investment Co,.Hanwha Q CELLS Gmbh.Hanwha Q CELLS France SAS",10000
"(주)한화.한화케미칼(주).Hanwha Solar Holdings Co,Ltd.Hanwha Q CELLS Co, Ltd.Hanwha Q CELLS Investment Co,.Hanwha Q CELLS Gmbh.Hanwha Q CELLS Turkey",10000
"(주)한화.한화케미칼(주).Hanwha Solar Holdings Co,Ltd.Hanwha Q CELLS Co, Ltd.Hanwha Q CELLS Investment Co,.Hanwha Q CELLS Gmbh.HARELAW RENEWABLES LIMITED",10000
"(주)한화.한화케미칼(주).Hanwha Solar Holdings Co,Ltd.Hanwha Q CELLS Co, Ltd.Hanwha Q CELLS Investment Co,.Hanwha Q CELLS Gmbh.KMPT Solarpark Verwaltung GmbH",10000
"(주)한화.한화케미칼(주).Hanwha Solar Holdings Co,Ltd.Hanwha Q CELLS Co, Ltd.Hanwha Q CELLS Investment Co,.Hanwha Q CELLS Gmbh.Mazovia Solar 3 Sp Z oo",10000
"(주)한화.한화케미칼(주).Hanwha Solar Holdings Co,Ltd.Hanwha Q CELLS Co, Ltd.Hanwha Q CELLS Investment Co,.Hanwha Q CELLS Gmbh.SFH Solarpark GmbH",10000
"(주)한화.한화케미칼(주).Hanwha Solar Holdings Co,Ltd.Hanwha Q CELLS Co, Ltd.Hanwha Q CELLS Investment Co,.Hanwha Q CELLS Gmbh.SFH Solarpark GmbH.Solarpark FFT Infrastruktur Gm",10000
"(주)한화.한화케미칼(주).Hanwha Solar Holdings Co,Ltd.Hanwha Q CELLS Co, Ltd.Hanwha Q CELLS Investment Co,.Hanwha Q CELLS Gmbh.SFH Solarpark GmbH.Solarpark HZBG Infrastruktur G",10000
"(주)한화.한화케미칼(주).Hanwha Solar Holdings Co,Ltd.Hanwha Q CELLS Co, Ltd.Hanwha Q CELLS Investment Co,.Hanwha Q CELLS Gmbh.SFH Solarpark GmbH.Solarpark NSTR Infrastruktur G",10000
"(주)한화.한화케미칼(주).Hanwha Solar Holdings Co,Ltd.Hanwha Q CELLS Co, Ltd.Hanwha Q CELLS Investment Co,.Hanwha Q CELLS Gmbh.WSE Bradley Road Ltd",10000
"(주)한화.한화케미칼(주).Hanwha Solar Holdings Co,Ltd.Hanwha Q CELLS Co, Ltd.Hanwha Q CELLS Investment Co,.Hanwha Q CELLS Malaysia Sdn B",10000
"(주)한화.한화케미칼(주).Hanwha Solar Holdings Co,Ltd.Hanwha Q CELLS Co, Ltd.Hanwha Q CELLS Investment Co,.Hanwha Q CELLS Malaysia Sdn B.HANWHA Q CELLS SOLAR POWER SDN",10000
"(주)한화.한화케미칼(주).Hanwha Solar Holdings Co,Ltd.Hanwha Q CELLS Co, Ltd.한화큐셀 주식회사",10000
"(주)한화.한화케미칼(주).Hanwha Solar Holdings Co,Ltd.Hanwha Q CELLS Co, Ltd.Hanwha SolarOne Investment Hol",10000
"(주)한화.한화케미칼(주).Hanwha Solar Holdings Co,Ltd.Hanwha Q CELLS Co, Ltd.Hanwha SolarOne Investment Hol.Hanwha Q CELLS Hong Kong Limit",10000
"(주)한화.한화케미칼(주).Hanwha Solar Holdings Co,Ltd.Hanwha Q CELLS Co, Ltd.Hanwha SolarOne Investment Hol.Hanwha Q CELLS Hong Kong Limit.Hanwha SolarOne (Laiyang) Co,",10000
"(주)한화.한화케미칼(주).Hanwha Solar Holdings Co,Ltd.Hanwha Q CELLS Co, Ltd.Hanwha SolarOne Investment Hol.Hanwha Q CELLS Hong Kong Limit.Hanwha Q CELLS(Nantong) Co, L",10000
"(주)한화.한화케미칼(주).Hanwha Solar Holdings Co,Ltd.Hanwha Q CELLS Co, Ltd.Hanwha SolarOne Investment Hol.Hanwha Q CELLS Hong Kong Limit.Hanwha SolarOne Power Generati",10000
"(주)한화.한화케미칼(주).Hanwha Solar Holdings Co,Ltd.Hanwha Q CELLS Co, Ltd.Hanwha SolarOne Investment Hol.Hanwha Q CELLS Hong Kong Limit.Hanwha SolarOne (Rugao) Co, L",10000
"(주)한화.한화케미칼(주).Hanwha Solar Holdings Co,Ltd.Hanwha Q CELLS Co, Ltd.Hanwha SolarOne Investment Hol.Hanwha Q CELLS Hong Kong Limit.Hanwha Q CELLS Co, Ltd (Qido",10000
"(주)한화.한화케미칼(주).Hanwha Solar Holdings Co,Ltd.Hanwha Q CELLS Co, Ltd.Hanwha SolarOne Investment Hol.Hanwha Q CELLS Hong Kong Limit.Hanwha Q CELLS Co, Ltd (Qido.Hanwha Solar Electric Power En",10000
"(주)한화.한화케미칼(주).Hanwha Solar Holdings Co,Ltd.Hanwha Q CELLS Co, Ltd.Hanwha SolarOne Investment Hol.Hanwha Q CELLS Hong Kong Limit.Hanwha Q CELLS Co, Ltd (Qido.Hanwha Solar Engineering R&D c",10000
"(주)한화.한화케미칼(주).Hanwha Solar Holdings Co,Ltd.Hanwha Q CELLS Co, Ltd.Hanwha SolarOne Investment Hol.Hanwha Q CELLS Hong Kong Limit.Hanwha Q CELLS Co, Ltd (Qido.Hanwha Q CELLS Technology Co,",10000
"(주)한화.한화케미칼(주).Hanwha Solar Holdings Co,Ltd.Hanwha Q CELLS Co, Ltd.Hanwha SolarOne Investment Hol.Hanwha Q CELLS Hong Kong Limit.Hanwha Q CELLS Co, Ltd (Qido.Nantong Hanwha Import & Export",10000
"(주)한화.한화케미칼(주).Hanwha Solar Holdings Co,Ltd.Hanwha Q CELLS Co, Ltd.Hanwha SolarOne Investment Hol.Hanwha Q CELLS Hong Kong Limit.Hanwha Q CELLS Co, Ltd (Qido.Hanwha Q CELLS Technology (Sha",10000
"(주)한화.한화케미칼(주).Hanwha Solar Holdings Co,Ltd.Hanwha Q CELLS Co, Ltd.Hanwha SolarOne Investment Hol.Hanwha Q CELLS Hong Kong Limit.Hanwha SolarOne GmbH",10000
"(주)한화.한화케미칼(주).Hanwha Solar Holdings Co,Ltd.Hanwha Q CELLS Co, Ltd.Hanwha Q CELLS America Inc",10000
"(주)한화.한화케미칼(주).Hanwha Solar Holdings Co,Ltd.Hanwha Q CELLS Co, Ltd.Hanwha Q CELLS America Inc.Hanwha Q CELLS America Project",10000
"(주)한화.한화케미칼(주).Hanwha Solar Holdings Co,Ltd.Hanwha Q CELLS Co, Ltd.Hanwha Q CELLS America Inc.Hanwha Q CELLS Canada, Corp",10000
"(주)한화.한화케미칼(주).한화인베스트먼트(주)",548
"(주)한화.한화케미칼(주).한화인베스트먼트(주).한화신성장동력펀드",2000
"(주)한화.한화케미칼(주).한화인베스트먼트(주).한화글로벌사업화펀드",100
"(주)한화.한화케미칼(주).한화인베스트먼트(주).강소신재생에너지혁신펀드",100
"(주)한화.한화케미칼(주).한화인베스트먼트(주).충남-한화중소기업육성펀드",333
"(주)한화.한화케미칼(주).(주)한화갤러리아",10000
"(주)한화.한화케미칼(주).(주)한화갤러리아.㈜한화비앤비",10000
"(주)한화.한화케미칼(주).(주)한화갤러리아.(주)한화갤러리아타임월드",7065
"(주)한화.한화케미칼(주).(주)한화갤러리아.(주)한화갤러리아타임월드.(주)한화이글스",1000
"(주)한화.한화케미칼(주).(주)한화갤러리아.(주)한화갤러리아타임월드.한화투자증권(주)",471
"(주)한화.한화케미칼(주).(주)한화갤러리아.(주)한화갤러리아타임월드.한화투자증권(주).한화인베스트먼트(주)",9391
"(주)한화.한화케미칼(주).(주)한화갤러리아.(주)한화갤러리아타임월드.한화투자증권(주).한화인베스트먼트(주).한화신성장동력펀드",2000
"(주)한화.한화케미칼(주).(주)한화갤러리아.(주)한화갤러리아타임월드.한화투자증권(주).한화인베스트먼트(주).한화글로벌사업화펀드",100
"(주)한화.한화케미칼(주).(주)한화갤러리아.(주)한화갤러리아타임월드.한화투자증권(주).한화인베스트먼트(주).강소신재생에너지혁신펀드",100
"(주)한화.한화케미칼(주).(주)한화갤러리아.(주)한화갤러리아타임월드.한화투자증권(주).한화인베스트먼트(주).충남-한화중소기업육성펀드",333
"(주)한화.한화케미칼(주).(주)한화갤러리아.(주)한화갤러리아타임월드.한화투자증권(주).한화신성장동력펀드",750
"(주)한화.한화케미칼(주).(주)한화갤러리아.(주)한화갤러리아타임월드.한화투자증권(주).한화글로벌사업화펀드",3900
"(주)한화.한화케미칼(주).(주)한화갤러리아.(주)한화갤러리아타임월드.한화투자증권(주).충남-한화중소기업육성펀드",1333
"(주)한화.한화케미칼(주).(주)한화갤러리아.(주)한화갤러리아타임월드.한화투자증권(주).LLP Zharyk Zol Company 2007",10000
"(주)한화.한화케미칼(주).(주)한화갤러리아.(주)한화갤러리아타임월드.한화생명보험(주)",202
"(주)한화.한화케미칼(주).(주)한화갤러리아.(주)한화갤러리아타임월드.한화생명보험(주).(주)한화63시티",10000
"(주)한화.한화케미칼(주).(주)한화갤러리아.(주)한화갤러리아타임월드.한화생명보험(주).(주)한화63시티.(주)한화에스테이트",10000
"(주)한화.한화케미칼(주).(주)한화갤러리아.(주)한화갤러리아타임월드.한화생명보험(주).한화자산운용(주)",10000
"(주)한화.한화케미칼(주).(주)한화갤러리아.(주)한화갤러리아타임월드.한화생명보험(주).한화자산운용(주).한화투자관리유한공사",10000
"(주)한화.한화케미칼(주).(주)한화갤러리아.(주)한화갤러리아타임월드.한화생명보험(주).한화자산운용(주).HANWHA ASSET MANAGEMENT PTE L",10000
"(주)한화.한화케미칼(주).(주)한화갤러리아.(주)한화갤러리아타임월드.한화생명보험(주).한화자산운용(주).Hanwha Asset Management (USA) ",10000
"(주)한화.한화케미칼(주).(주)한화갤러리아.(주)한화갤러리아타임월드.한화생명보험(주).(주)한화금융에셋",10000
"(주)한화.한화케미칼(주).(주)한화갤러리아.(주)한화갤러리아타임월드.한화생명보험(주).PT Hanwha Life Insurance Indo",9961
"(주)한화.한화케미칼(주).(주)한화갤러리아.(주)한화갤러리아타임월드.한화생명보험(주).한화손해보험(주)",5375
"(주)한화.한화케미칼(주).(주)한화갤러리아.(주)한화갤러리아타임월드.한화생명보험(주).한화손해보험(주).한화신성장동력펀드",1500
"(주)한화.한화케미칼(주).(주)한화갤러리아.(주)한화갤러리아타임월드.한화생명보험(주).한화손해보험(주).한화글로벌사업화펀드",3000
"(주)한화.한화케미칼(주).(주)한화갤러리아.(주)한화갤러리아타임월드.한화생명보험(주).한화손해보험(주).충남-한화중소기업육성펀드",2000
"(주)한화.한화케미칼(주).(주)한화갤러리아.(주)한화갤러리아타임월드.한화생명보험(주).한화손해사정(주)",10000
"(주)한화.한화케미칼(주).(주)한화갤러리아.(주)한화갤러리아타임월드.한화생명보험(주).Hanwha Life Insurance Company ",10000
"(주)한화.한화케미칼(주).(주)한화갤러리아.(주)한화갤러리아타임월드.한화생명보험(주).한화라이프에셋(주)",10000
"(주)한화.한화케미칼(주).(주)한화갤러리아.(주)한화갤러리아타임월드.한화생명보험(주).한화신성장동력펀드",1500
"(주)한화.한화케미칼(주).(주)한화갤러리아.(주)한화갤러리아타임월드.한화생명보험(주).한화글로벌사업화펀드",3000
"(주)한화.한화케미칼(주).(주)한화갤러리아.(주)한화갤러리아타임월드.한화생명보험(주).강소신재생에너지혁신펀드",9900
"(주)한화.한화케미칼(주).(주)한화갤러리아.(주)한화갤러리아타임월드.한화생명보험(주).충남-한화중소기업육성펀드",3000
"(주)한화.한화케미칼(주).(주)한화갤러리아.한화투자증권(주)",172
"(주)한화.한화케미칼(주).(주)한화갤러리아.한화투자증권(주).한화인베스트먼트(주)",9391
"(주)한화.한화케미칼(주).(주)한화갤러리아.한화투자증권(주).한화인베스트먼트(주).한화신성장동력펀드",2000
"(주)한화.한화케미칼(주).(주)한화갤러리아.한화투자증권(주).한화인베스트먼트(주).한화글로벌사업화펀드",100
"(주)한화.한화케미칼(주).(주)한화갤러리아.한화투자증권(주).한화인베스트먼트(주).강소신재생에너지혁신펀드",100
"(주)한화.한화케미칼(주).(주)한화갤러리아.한화투자증권(주).한화인베스트먼트(주).충남-한화중소기업육성펀드",333
"(주)한화.한화케미칼(주).(주)한화갤러리아.한화투자증권(주).한화신성장동력펀드",750
"(주)한화.한화케미칼(주).(주)한화갤러리아.한화투자증권(주).한화글로벌사업화펀드",3900
"(주)한화.한화케미칼(주).(주)한화갤러리아.한화투자증권(주).충남-한화중소기업육성펀드",1333
"(주)한화.한화케미칼(주).(주)한화갤러리아.한화투자증권(주).LLP Zharyk Zol Company 2007",10000
"(주)한화.한화케미칼(주).Hanwha International Corp",10000
"(주)한화.한화케미칼(주).Hanwha International Corp.Hanwha Holdings(USA), Inc",2269
"(주)한화.한화케미칼(주).Hanwha International Corp.Hanwha Holdings(USA), Inc.Hanwha America Development LLC",10000
"(주)한화.한화케미칼(주).Hanwha International Corp.Hanwha Holdings(USA), Inc.Hanwha America Development LLC.Hanwha Chandler LLC",10000
"(주)한화.한화케미칼(주).Hanwha International Corp.Hanwha Holdings(USA), Inc.Hanwha America Development LLC.Hanwha Chandler LLC.Chandler LLC",9000
"(주)한화.한화케미칼(주).Hanwha International Corp.Hanwha Holdings(USA), Inc.Hanwha America Development LLC.Hanwha Development Services LL",10000
"(주)한화.한화케미칼(주).Hanwha International Corp.Hanwha Holdings(USA), Inc.Hanwha America Development LLC.Hanwha Hawaii LLC",10000
"(주)한화.한화케미칼(주).Hanwha International Corp.Hanwha Holdings(USA), Inc.Hanwha America Development LLC.Hanwha Hawaii LLC.Hale Ka Lae, LLC",10000
"(주)한화.한화케미칼(주).Hanwha International Corp.Hanwha Holdings(USA), Inc.Hanwha America Development LLC.Hanwha Riverside LLC",10000
"(주)한화.한화케미칼(주).Hanwha International Corp.Hanwha Holdings(USA), Inc.Hanwha International LLC",10000
"(주)한화.한화케미칼(주).Hanwha International Corp.Hanwha Holdings(USA), Inc.Hanwha International LLC.Hanwha Parcel O LLC",10000
"(주)한화.한화케미칼(주).Hanwha International Corp.Hanwha Holdings(USA), Inc.Hanwha International LLC.Hanwha Village Market, LLC",10000
"(주)한화.한화케미칼(주).Hanwha International Corp.Hanwha Holdings(USA), Inc.Hanwha Advanced Materials Mexi",4900
"(주)한화.한화케미칼(주).Hanwha International Corp.Hanwha Holdings(USA), Inc.Hanwha Advanced Materials Hold",10000
"(주)한화.한화케미칼(주).Hanwha International Corp.Hanwha Holdings(USA), Inc.Hanwha Advanced Materials Hold.Hanwha AZDEL, Inc",10000
"(주)한화.한화케미칼(주).Hanwha International Corp.Hanwha Holdings(USA), Inc.Hanwha Advanced Materials Hold.Hanwha Advanced Materials Amer",10000
"(주)한화.한화케미칼(주).Hanwha International Corp.Hanwha Holdings(USA), Inc.Hanwha Machinery Americas, Inc",10000
"(주)한화.한화케미칼(주).Hanwha International Corp.Hanwha Holdings(USA), Inc.Hanwha Property USA LLC",10000
"(주)한화.한화케미칼(주).Hanwha International Corp.Hanwha Holdings(USA), Inc.Hanwha Property USA LLC.Hanwha West Properties LLC",10000
"(주)한화.한화케미칼(주).Hanwha International Corp.Hanwha Holdings(USA), Inc.Hanwha PVPLUS LLC",10000
"(주)한화.한화케미칼(주).Hanwha International Corp.Hanwha Holdings(USA), Inc.HSSC Stainless Inc",1000
"(주)한화.한화케미칼(주).Hanwha International Corp.Hanwha Holdings(USA), Inc.HANWHA TECHM USA LLC",10000
"(주)한화.한화케미칼(주).Hanwha International Corp.Hanwha Holdings(USA), Inc.Universal Bearings LLC",10000
"(주)한화.한화케미칼(주).한화호텔앤드리조트(주)",4878
"(주)한화.한화케미칼(주).한화호텔앤드리조트(주).농업회사법인그린투모로우(주)",9000
"(주)한화.한화케미칼(주).한화호텔앤드리조트(주).푸디스찬음관리(상해)유한공사",10000
"(주)한화.한화케미칼(주).한화호텔앤드리조트(주).한화역사(주)",1894
"(주)한화.한화케미칼(주).한화호텔앤드리조트(주).한화투자증권(주)",1071
"(주)한화.한화케미칼(주).한화호텔앤드리조트(주).한화투자증권(주).한화인베스트먼트(주)",9391
"(주)한화.한화케미칼(주).한화호텔앤드리조트(주).한화투자증권(주).한화인베스트먼트(주).한화신성장동력펀드",2000
"(주)한화.한화케미칼(주).한화호텔앤드리조트(주).한화투자증권(주).한화인베스트먼트(주).한화글로벌사업화펀드",100
"(주)한화.한화케미칼(주).한화호텔앤드리조트(주).한화투자증권(주).한화인베스트먼트(주).강소신재생에너지혁신펀드",100
"(주)한화.한화케미칼(주).한화호텔앤드리조트(주).한화투자증권(주).한화인베스트먼트(주).충남-한화중소기업육성펀드",333
"(주)한화.한화케미칼(주).한화호텔앤드리조트(주).한화투자증권(주).한화신성장동력펀드",750
"(주)한화.한화케미칼(주).한화호텔앤드리조트(주).한화투자증권(주).한화글로벌사업화펀드",3900
"(주)한화.한화케미칼(주).한화호텔앤드리조트(주).한화투자증권(주).충남-한화중소기업육성펀드",1333
"(주)한화.한화케미칼(주).한화호텔앤드리조트(주).한화투자증권(주).LLP Zharyk Zol Company 2007",10000
"(주)한화.한화케미칼(주).한화호텔앤드리조트(주).(주)일산씨월드",5200
"(주)한화.한화케미칼(주).한화호텔앤드리조트(주).(주)한화저축은행",1616
"(주)한화.한화케미칼(주).한화호텔앤드리조트(주).World corporation",10000
"(주)한화.한화케미칼(주).한화호텔앤드리조트(주).(주)여수씨월드",10000
"(주)한화.한화케미칼(주).한화신성장동력펀드",1500
"(주)한화.(주)한화건설",10000
"(주)한화.(주)한화건설.에코이앤오㈜",10000
"(주)한화.(주)한화건설.에코이앤오㈜.양주에코텍(주)",500
"(주)한화.(주)한화건설.Hanwha Canada Development Inc",10000
"(주)한화.(주)한화건설.Hanwha Saudi Contracting Co, ",9525
"(주)한화.(주)한화건설.(주)경기화성바이오밸리",4900
"(주)한화.(주)한화건설.(주)일산씨월드",4600
"(주)한화.(주)한화건설.한화생명보험(주)",2900
"(주)한화.(주)한화건설.한화생명보험(주).(주)한화63시티",10000
"(주)한화.(주)한화건설.한화생명보험(주).(주)한화63시티.(주)한화에스테이트",10000
"(주)한화.(주)한화건설.한화생명보험(주).한화자산운용(주)",10000
"(주)한화.(주)한화건설.한화생명보험(주).한화자산운용(주).한화투자관리유한공사",10000
"(주)한화.(주)한화건설.한화생명보험(주).한화자산운용(주).HANWHA ASSET MANAGEMENT PTE L",10000
"(주)한화.(주)한화건설.한화생명보험(주).한화자산운용(주).Hanwha Asset Management (USA) ",10000
"(주)한화.(주)한화건설.한화생명보험(주).(주)한화금융에셋",10000
"(주)한화.(주)한화건설.한화생명보험(주).PT Hanwha Life Insurance Indo",9961
"(주)한화.(주)한화건설.한화생명보험(주).한화손해보험(주)",5375
"(주)한화.(주)한화건설.한화생명보험(주).한화손해보험(주).한화신성장동력펀드",1500
"(주)한화.(주)한화건설.한화생명보험(주).한화손해보험(주).한화글로벌사업화펀드",3000
"(주)한화.(주)한화건설.한화생명보험(주).한화손해보험(주).충남-한화중소기업육성펀드",2000
"(주)한화.(주)한화건설.한화생명보험(주).한화손해사정(주)",10000
"(주)한화.(주)한화건설.한화생명보험(주).Hanwha Life Insurance Company ",10000
"(주)한화.(주)한화건설.한화생명보험(주).한화라이프에셋(주)",10000
"(주)한화.(주)한화건설.한화생명보험(주).한화신성장동력펀드",1500
"(주)한화.(주)한화건설.한화생명보험(주).한화글로벌사업화펀드",3000
"(주)한화.(주)한화건설.한화생명보험(주).강소신재생에너지혁신펀드",9900
"(주)한화.(주)한화건설.한화생명보험(주).충남-한화중소기업육성펀드",3000
"(주)한화.(주)한화건설.㈜레이크파크에이치",10000
"(주)한화.(주)한화건설.(주)한화저축은행",3814
"(주)한화.(주)한화건설.양주에코텍(주)",9500
"(주)한화.(주)한화건설.(주)경기용인테크노밸리",500
"(주)한화.(주)한화이글스",4000
"(주)한화.Hanwha Hong Kong Co, Ltd",10000
"(주)한화.Hanwha Hong Kong Co, Ltd.한화국제무역(상해)유한공사",6667
"(주)한화.Hanwha Hong Kong Co, Ltd.Hanwha International (S) Pte L",10000
"(주)한화.Hanwha Hong Kong Co, Ltd.Hanwha International Peru SA",100
"(주)한화.Hanwha Hong Kong Co, Ltd.PT Bara Bumi International",40
"(주)한화.HANWHA INTERNATIONAL INDIA PVT",9999
"(주)한화.한화국제무역(상해)유한공사",3333
"(주)한화.Hanwha Mining Services Austral",10000
"(주)한화.Hanwha Mining Services Austral.EMBR PTY LTD",10000
"(주)한화.Hanwha Mining Services Austral.HMS AUSTRALIA PROPERTY HOLDING",10000
"(주)한화.Hanwha Mining Services Austral.HMS AUSTRALIA OPERATIONS PTY L",10000
"(주)한화.Hanwha Mining Services Austral.LDE HOLDINGS PTY LTD",10000
"(주)한화.Hanwha Mining Services Austral.LDE HOLDINGS PTY LTD.LDE Corporation PTY LTD",10000
"(주)한화.Hanwha Mining Services Chile S",10000
"(주)한화.Hanwha International Peru SA",9900
"(주)한화.Hanwha Mining Services Singapo",10000
"(주)한화.Hanwha Resources (Canada) Ltd",10000
"(주)한화.Hanwha Resources (USA) Corpora",10000
"(주)한화.Hanwha Resources (USA) Corpora.Eagle Petroleum, LLC",10000
"(주)한화.Hanwha Resources (USA) Corpora.Eagle Petroleum Monterey, LLC",10000
"(주)한화.Hanwha Resources (USA) Corpora.Eagle Petroleum Corsicana, LLC",10000
"(주)한화.HSSC Stainless Inc",5000
"(주)한화.Hanwha Techm Hungary Zrt",9721
"(주)한화.한화테크엠(주)",10000
"(주)한화.한화테크엠(주).PT Hanwha Mining Services Ind",100
"(주)한화.한화테크엠(주).(주)한화저축은행",965
"(주)한화.한화기계(소주)유한공사",10000
"(주)한화.한화테크윈(주)",3268
"(주)한화.한화테크윈(주).HANWHA AERO ENGINES,LTD",10000
"(주)한화.한화테크윈(주).한화시스템(주)",10000
"(주)한화.한화테크윈(주).Hanwha Techwin Security Vietna",10000
"(주)한화.한화테크윈(주).Hanwha Techwin Do Brasil Equip",10000
"(주)한화.한화테크윈(주).한화테크윈(천진)유한공사",9500
"(주)한화.한화테크윈(주).한화상업설비(상해)유한공사",10000
"(주)한화.한화테크윈(주).Hanwha Techwin Middle East FZE",10000
"(주)한화.한화테크윈(주).Hanwha Techwin Europe Limited",10000
"(주)한화.한화테크윈(주).한화지상방산(주)",10000
"(주)한화.한화테크윈(주).한화지상방산(주).한화디펜스㈜",10000
"(주)한화.한화테크윈(주).한화파워시스템(주)",10000
"(주)한화.한화테크윈(주).한화정밀기계(주)",10000
"(주)한화.한화테크윈(주).한화정밀기계(주).HANWHA TECHWIN AUTOMATION VIET",10000
"(주)한화.한화테크윈(주).한화정밀기계(주).Techwin Engineering Center",10000
"(주)한화.한화테크윈(주).한화정밀기계(주).Hanwha Techwin Automation Amer",10000
"(주)한화.한화테크윈(주).Samsung Opto-Electronics Ameri",10000
"(주)한화.한화테크윈(주).TAWASUL AL-EZDIHAR Co, Ltd",10000
"(주)한화.Hanwha Europe GmbH",10000
"(주)한화.Hanwha Europe GmbH.Maxxsol 01 srl",10000
"(주)한화.Hanwha Europe GmbH.Tecsol Srl",10000
"(주)한화.Hanwha Holdings(USA), Inc",58
"(주)한화.Hanwha Holdings(USA), Inc.Hanwha America Development LLC",10000
"(주)한화.Hanwha Holdings(USA), Inc.Hanwha America Development LLC.Hanwha Chandler LLC",10000
"(주)한화.Hanwha Holdings(USA), Inc.Hanwha America Development LLC.Hanwha Chandler LLC.Chandler LLC",9000
"(주)한화.Hanwha Holdings(USA), Inc.Hanwha America Development LLC.Hanwha Development Services LL",10000
"(주)한화.Hanwha Holdings(USA), Inc.Hanwha America Development LLC.Hanwha Hawaii LLC",10000
"(주)한화.Hanwha Holdings(USA), Inc.Hanwha America Development LLC.Hanwha Hawaii LLC.Hale Ka Lae, LLC",10000
"(주)한화.Hanwha Holdings(USA), Inc.Hanwha America Development LLC.Hanwha Riverside LLC",10000
"(주)한화.Hanwha Holdings(USA), Inc.Hanwha International LLC",10000
"(주)한화.Hanwha Holdings(USA), Inc.Hanwha International LLC.Hanwha Parcel O LLC",10000
"(주)한화.Hanwha Holdings(USA), Inc.Hanwha International LLC.Hanwha Village Market, LLC",10000
"(주)한화.Hanwha Holdings(USA), Inc.Hanwha Advanced Materials Mexi",4900
"(주)한화.Hanwha Holdings(USA), Inc.Hanwha Advanced Materials Hold",10000
"(주)한화.Hanwha Holdings(USA), Inc.Hanwha Advanced Materials Hold.Hanwha AZDEL, Inc",10000
"(주)한화.Hanwha Holdings(USA), Inc.Hanwha Advanced Materials Hold.Hanwha Advanced Materials Amer",10000
"(주)한화.Hanwha Holdings(USA), Inc.Hanwha Machinery Americas, Inc",10000
"(주)한화.Hanwha Holdings(USA), Inc.Hanwha Property USA LLC",10000
"(주)한화.Hanwha Holdings(USA), Inc.Hanwha Property USA LLC.Hanwha West Properties LLC",10000
"(주)한화.Hanwha Holdings(USA), Inc.Hanwha PVPLUS LLC",10000
"(주)한화.Hanwha Holdings(USA), Inc.HSSC Stainless Inc",1000
"(주)한화.Hanwha Holdings(USA), Inc.HANWHA TECHM USA LLC",10000
"(주)한화.Hanwha Holdings(USA), Inc.Universal Bearings LLC",10000
"(주)한화.Hanwha Q CELLS Japan Co, Ltd",10000
"(주)한화.Hanwha Q CELLS Japan Co, Ltd.Acropark Golf Corp",10000
"(주)한화.Hanwha Q CELLS Japan Co, Ltd.Hanwha Q CELLS Japan Power Sol",10000
"(주)한화.Hanwha Q CELLS Japan Co, Ltd.HW SOLAR POWER 1 GK",10000
"(주)한화.Hanwha Q CELLS Japan Co, Ltd.HW SOLAR POWER 3 GK",10000
"(주)한화.Hanwha Q CELLS Japan Co, Ltd.HW SOLAR POWER 6 GK",10000
"(주)한화.Hanwha Q CELLS Japan Co, Ltd.HW SOLAR POWER 8 GK",66
"(주)한화.Hanwha Q CELLS Japan Co, Ltd.LENEX Co,Ltd",10000
"(주)한화.Hanwha Q CELLS Japan Co, Ltd.Hanwha Solar Power Kitsuki GK",100
"(주)한화.Hanwha Machinery Corporation",10000
"(주)한화.Hanwha Machinery Corporation.Hanwha Holdings(USA), Inc",1942
"(주)한화.Hanwha Machinery Corporation.Hanwha Holdings(USA), Inc.Hanwha America Development LLC",10000
"(주)한화.Hanwha Machinery Corporation.Hanwha Holdings(USA), Inc.Hanwha America Development LLC.Hanwha Chandler LLC",10000
"(주)한화.Hanwha Machinery Corporation.Hanwha Holdings(USA), Inc.Hanwha America Development LLC.Hanwha Chandler LLC.Chandler LLC",9000
"(주)한화.Hanwha Machinery Corporation.Hanwha Holdings(USA), Inc.Hanwha America Development LLC.Hanwha Development Services LL",10000
"(주)한화.Hanwha Machinery Corporation.Hanwha Holdings(USA), Inc.Hanwha America Development LLC.Hanwha Hawaii LLC",10000
"(주)한화.Hanwha Machinery Corporation.Hanwha Holdings(USA), Inc.Hanwha America Development LLC.Hanwha Hawaii LLC.Hale Ka Lae, LLC",10000
"(주)한화.Hanwha Machinery Corporation.Hanwha Holdings(USA), Inc.Hanwha America Development LLC.Hanwha Riverside LLC",10000
"(주)한화.Hanwha Machinery Corporation.Hanwha Holdings(USA), Inc.Hanwha International LLC",10000
"(주)한화.Hanwha Machinery Corporation.Hanwha Holdings(USA), Inc.Hanwha International LLC.Hanwha Parcel O LLC",10000
"(주)한화.Hanwha Machinery Corporation.Hanwha Holdings(USA), Inc.Hanwha International LLC.Hanwha Village Market, LLC",10000
"(주)한화.Hanwha Machinery Corporation.Hanwha Holdings(USA), Inc.Hanwha Advanced Materials Mexi",4900
"(주)한화.Hanwha Machinery Corporation.Hanwha Holdings(USA), Inc.Hanwha Advanced Materials Hold",10000
"(주)한화.Hanwha Machinery Corporation.Hanwha Holdings(USA), Inc.Hanwha Advanced Materials Hold.Hanwha AZDEL, Inc",10000
"(주)한화.Hanwha Machinery Corporation.Hanwha Holdings(USA), Inc.Hanwha Advanced Materials Hold.Hanwha Advanced Materials Amer",10000
"(주)한화.Hanwha Machinery Corporation.Hanwha Holdings(USA), Inc.Hanwha Machinery Americas, Inc",10000
"(주)한화.Hanwha Machinery Corporation.Hanwha Holdings(USA), Inc.Hanwha Property USA LLC",10000
"(주)한화.Hanwha Machinery Corporation.Hanwha Holdings(USA), Inc.Hanwha Property USA LLC.Hanwha West Properties LLC",10000
"(주)한화.Hanwha Machinery Corporation.Hanwha Holdings(USA), Inc.Hanwha PVPLUS LLC",10000
"(주)한화.Hanwha Machinery Corporation.Hanwha Holdings(USA), Inc.HSSC Stainless Inc",1000
"(주)한화.Hanwha Machinery Corporation.Hanwha Holdings(USA), Inc.HANWHA TECHM USA LLC",10000
"(주)한화.Hanwha Machinery Corporation.Hanwha Holdings(USA), Inc.Universal Bearings LLC",10000
"(주)한화.한화호텔앤드리조트(주)",5071
"(주)한화.한화호텔앤드리조트(주).농업회사법인그린투모로우(주)",9000
"(주)한화.한화호텔앤드리조트(주).푸디스찬음관리(상해)유한공사",10000
"(주)한화.한화호텔앤드리조트(주).한화역사(주)",1894
"(주)한화.한화호텔앤드리조트(주).한화투자증권(주)",1071
"(주)한화.한화호텔앤드리조트(주).한화투자증권(주).한화인베스트먼트(주)",9391
"(주)한화.한화호텔앤드리조트(주).한화투자증권(주).한화인베스트먼트(주).한화신성장동력펀드",2000
"(주)한화.한화호텔앤드리조트(주).한화투자증권(주).한화인베스트먼트(주).한화글로벌사업화펀드",100
"(주)한화.한화호텔앤드리조트(주).한화투자증권(주).한화인베스트먼트(주).강소신재생에너지혁신펀드",100
"(주)한화.한화호텔앤드리조트(주).한화투자증권(주).한화인베스트먼트(주).충남-한화중소기업육성펀드",333
"(주)한화.한화호텔앤드리조트(주).한화투자증권(주).한화신성장동력펀드",750
"(주)한화.한화호텔앤드리조트(주).한화투자증권(주).한화글로벌사업화펀드",3900
"(주)한화.한화호텔앤드리조트(주).한화투자증권(주).충남-한화중소기업육성펀드",1333
"(주)한화.한화호텔앤드리조트(주).한화투자증권(주).LLP Zharyk Zol Company 2007",10000
"(주)한화.한화호텔앤드리조트(주).(주)일산씨월드",5200
"(주)한화.한화호텔앤드리조트(주).(주)한화저축은행",1616
"(주)한화.한화호텔앤드리조트(주).World corporation",10000
"(주)한화.한화호텔앤드리조트(주).(주)여수씨월드",10000
"(주)한화.Hanwha Singapore Pte Ltd",10000
"(주)한화.Hanwha Singapore Pte Ltd.Hanwha Consulting Services Mya",9999
"(주)한화.(주)캐스",10000
"(주)한화.한화생명보험(주)",2097
"(주)한화.한화생명보험(주).(주)한화63시티",10000
"(주)한화.한화생명보험(주).(주)한화63시티.(주)한화에스테이트",10000
"(주)한화.한화생명보험(주).한화자산운용(주)",10000
"(주)한화.한화생명보험(주).한화자산운용(주).한화투자관리유한공사",10000
"(주)한화.한화생명보험(주).한화자산운용(주).HANWHA ASSET MANAGEMENT PTE L",10000
"(주)한화.한화생명보험(주).한화자산운용(주).Hanwha Asset Management (USA) ",10000
"(주)한화.한화생명보험(주).(주)한화금융에셋",10000
"(주)한화.한화생명보험(주).PT Hanwha Life Insurance Indo",9961
"(주)한화.한화생명보험(주).한화손해보험(주)",5375
"(주)한화.한화생명보험(주).한화손해보험(주).한화신성장동력펀드",1500
"(주)한화.한화생명보험(주).한화손해보험(주).한화글로벌사업화펀드",3000
"(주)한화.한화생명보험(주).한화손해보험(주).충남-한화중소기업육성펀드",2000
"(주)한화.한화생명보험(주).한화손해사정(주)",10000
"(주)한화.한화생명보험(주).Hanwha Life Insurance Company ",10000
"(주)한화.한화생명보험(주).한화라이프에셋(주)",10000
"(주)한화.한화생명보험(주).한화신성장동력펀드",1500
"(주)한화.한화생명보험(주).한화글로벌사업화펀드",3000
"(주)한화.한화생명보험(주).강소신재생에너지혁신펀드",9900
"(주)한화.한화생명보험(주).충남-한화중소기업육성펀드",3000
"(주)한화.PT Hanwha Mining Services Ind",9900
"(주)한화.PT Bara Bumi International",9960
"(주)한화.S&P World Networks DMCC",10000
"(주)한화.S&P World Networks DMCC.Blue Albatross FZE",10000
"(주)한화.S&P World Networks DMCC.Laheeb Al-Ezdihar",10000
